node_id,date,demand,fulfilled
SUP_A,2026-06-27,80.37,78.24
SUP_A,2026-06-28,86.04,80.13
SUP_A,2026-06-29,85.68,82.32
SUP_A,2026-06-30,88.22,82.14
SUP_A,2026-07-01,80.77,80.29
SUP_A,2026-07-02,72.33,70.69
SUP_A,2026-07-03,78.06,77.06
SUP_A,2026-07-04,78.61,73.38
SUP_A,2026-07-05,87.28,84.45
SUP_A,2026-07-06,90.31,87.56
SUP_A,2026-07-07,83.59,80.52
SUP_A,2026-07-08,79.76,74.2
SUP_A,2026-07-09,74.5,71.53
SUP_A,2026-07-10,72.73,72.54
SUP_A,2026-07-11,78.1,75.71
SUP_A,2026-07-12,90.84,86.66
SUP_A,2026-07-13,91.99,91.48
SUP_A,2026-07-14,88.67,85.84
SUP_A,2026-07-15,73.1,72.5
SUP_A,2026-07-16,72.65,71.63
SUP_A,2026-07-17,71.27,67.53
SUP_A,2026-07-18,82.15,80.69
SUP_A,2026-07-19,89.24,82.79
SUP_A,2026-07-20,96.09,94.14
SUP_A,2026-07-21,82.73,77.48
SUP_A,2026-07-22,77.26,71.38
SUP_A,2026-07-23,72.83,67.6
SUP_A,2026-07-24,73.92,72.79
SUP_A,2026-07-25,87.89,80.9
SUP_A,2026-07-26,91.12,90.89
SUP_A,2026-07-27,96.97,94.07
SUP_A,2026-07-28,90.92,90.52
SUP_A,2026-07-29,76.02,75.7
SUP_A,2026-07-30,72.28,66.52
SUP_A,2026-07-31,73.51,68.12
SUP_A,2026-08-01,87.23,86.76
SUP_A,2026-08-02,90.79,89.76
SUP_A,2026-08-03,95.07,90.0
SUP_A,2026-08-04,84.54,81.04
SUP_A,2026-08-05,84.31,83.38
SUP_A,2026-08-06,79.63,74.55
SUP_A,2026-08-07,81.39,78.63
SUP_A,2026-08-08,84.5,78.42
SUP_A,2026-08-09,89.79,85.0
SUP_A,2026-08-10,97.94,95.25
SUP_A,2026-08-11,86.92,86.5
SUP_A,2026-08-12,84.22,79.86
SUP_A,2026-08-13,79.36,76.94
SUP_A,2026-08-14,77.02,73.06
SUP_A,2026-08-15,81.53,76.85
SUP_A,2026-08-16,95.46,90.72
SUP_A,2026-08-17,91.78,87.17
SUP_A,2026-08-18,85.79,85.08
SUP_A,2026-08-19,79.6,73.39
SUP_A,2026-08-20,72.46,70.81
SUP_A,2026-08-21,74.68,69.82
SUP_A,2026-08-22,82.25,79.66
SUP_A,2026-08-23,92.87,88.82
SUP_A,2026-08-24,100.82,98.23
SUP_A,2026-08-25,91.28,87.48
SUP_A,2026-08-26,85.11,81.22
SUP_A,2026-08-27,72.7,67.23
SUP_A,2026-08-28,80.02,76.83
SUP_A,2026-08-29,91.16,89.49
SUP_A,2026-08-30,99.31,97.22
SUP_A,2026-08-31,96.74,90.96
SUP_A,2026-09-01,88.25,84.19
SUP_A,2026-09-02,86.2,82.67
SUP_A,2026-09-03,74.97,72.94
SUP_A,2026-09-04,83.4,78.57
SUP_A,2026-09-05,91.07,83.91
SUP_A,2026-09-06,97.91,97.01
SUP_A,2026-09-07,97.87,95.67
SUP_A,2026-09-08,93.91,91.68
SUP_A,2026-09-09,79.5,73.76
SUP_A,2026-09-10,81.46,78.73
SUP_A,2026-09-11,81.71,79.32
SUP_A,2026-09-12,89.61,89.5
SUP_A,2026-09-13,100.28,93.34
SUP_A,2026-09-14,94.55,92.65
SUP_A,2026-09-15,88.19,82.41
SUP_A,2026-09-16,87.75,85.8
SUP_A,2026-09-17,80.65,78.23
SUP_A,2026-09-18,84.16,84.14
SUP_A,2026-09-19,91.64,85.56
SUP_A,2026-09-20,94.34,92.06
SUP_A,2026-09-21,100.5,94.73
SUP_A,2026-09-22,94.06,93.07
SUP_A,2026-09-23,82.8,81.56
SUP_A,2026-09-24,83.05,78.46
SUP_B,2026-06-27,77.19,76.1
SUP_B,2026-06-28,81.48,80.97
SUP_B,2026-06-29,93.25,89.35
SUP_B,2026-06-30,83.96,81.64
SUP_B,2026-07-01,69.84,65.31
SUP_B,2026-07-02,65.64,60.46
SUP_B,2026-07-03,67.67,64.52
SUP_B,2026-07-04,77.68,76.15
SUP_B,2026-07-05,85.68,80.31
SUP_B,2026-07-06,85.32,82.81
SUP_B,2026-07-07,86.91,83.51
SUP_B,2026-07-08,72.76,67.67
SUP_B,2026-07-09,69.29,65.56
SUP_B,2026-07-10,70.58,66.7
SUP_B,2026-07-11,78.41,72.28
SUP_B,2026-07-12,83.47,77.84
SUP_B,2026-07-13,85.87,84.06
SUP_B,2026-07-14,85.11,84.77
SUP_B,2026-07-15,72.17,67.2
SUP_B,2026-07-16,75.25,73.15
SUP_B,2026-07-17,73.5,72.3
SUP_B,2026-07-18,81.85,76.74
SUP_B,2026-07-19,85.56,84.34
SUP_B,2026-07-20,90.44,83.56
SUP_B,2026-07-21,83.29,79.7
SUP_B,2026-07-22,78.75,74.92
SUP_B,2026-07-23,67.42,64.26
SUP_B,2026-07-24,78.11,76.98
SUP_B,2026-07-25,86.14,82.54
SUP_B,2026-07-26,86.48,82.25
SUP_B,2026-07-27,87.68,86.69
SUP_B,2026-07-28,88.37,86.58
SUP_B,2026-07-29,79.21,73.24
SUP_B,2026-07-30,68.21,67.67
SUP_B,2026-07-31,71.9,69.82
SUP_B,2026-08-01,85.31,82.32
SUP_B,2026-08-02,88.74,84.07
SUP_B,2026-08-03,90.99,84.23
SUP_B,2026-08-04,85.27,83.39
SUP_B,2026-08-05,79.35,74.9
SUP_B,2026-08-06,73.71,70.91
SUP_B,2026-08-07,78.38,75.58
SUP_B,2026-08-08,85.85,83.4
SUP_B,2026-08-09,88.85,88.33
SUP_B,2026-08-10,90.73,86.27
SUP_B,2026-08-11,87.75,80.84
SUP_B,2026-08-12,75.29,72.53
SUP_B,2026-08-13,73.36,73.3
SUP_B,2026-08-14,75.47,71.67
SUP_B,2026-08-15,86.57,85.63
SUP_B,2026-08-16,95.53,92.5
SUP_B,2026-08-17,95.4,92.98
SUP_B,2026-08-18,83.18,81.03
SUP_B,2026-08-19,79.55,79.03
SUP_B,2026-08-20,72.47,70.33
SUP_B,2026-08-21,74.15,72.16
SUP_B,2026-08-22,86.19,82.5
SUP_B,2026-08-23,94.21,88.48
SUP_B,2026-08-24,94.42,92.47
SUP_B,2026-08-25,93.01,89.11
SUP_B,2026-08-26,80.33,79.55
SUP_B,2026-08-27,73.46,71.05
SUP_B,2026-08-28,79.67,76.81
SUP_B,2026-08-29,84.58,79.74
SUP_B,2026-08-30,93.49,92.52
SUP_B,2026-08-31,94.33,88.25
SUP_B,2026-09-01,84.95,79.81
SUP_B,2026-09-02,76.91,71.54
SUP_B,2026-09-03,71.07,69.95
SUP_B,2026-09-04,82.2,80.18
SUP_B,2026-09-05,89.24,83.69
SUP_B,2026-09-06,98.28,92.7
SUP_B,2026-09-07,100.07,94.28
SUP_B,2026-09-08,93.05,87.63
SUP_B,2026-09-09,79.9,74.6
SUP_B,2026-09-10,77.28,74.06
SUP_B,2026-09-11,82.8,82.65
SUP_B,2026-09-12,85.28,85.14
SUP_B,2026-09-13,95.28,91.57
SUP_B,2026-09-14,92.89,91.4
SUP_B,2026-09-15,92.58,90.89
SUP_B,2026-09-16,79.91,74.57
SUP_B,2026-09-17,71.88,71.15
SUP_B,2026-09-18,76.31,73.17
SUP_B,2026-09-19,85.19,84.83
SUP_B,2026-09-20,98.02,91.72
SUP_B,2026-09-21,94.73,90.47
SUP_B,2026-09-22,87.0,86.81
SUP_B,2026-09-23,79.04,77.45
SUP_B,2026-09-24,74.66,70.87
SUP_C,2026-06-27,103.83,97.32
SUP_C,2026-06-28,109.81,105.17
SUP_C,2026-06-29,113.69,104.96
SUP_C,2026-06-30,109.32,102.97
SUP_C,2026-07-01,91.37,86.25
SUP_C,2026-07-02,95.19,91.1
SUP_C,2026-07-03,95.82,88.31
SUP_C,2026-07-04,105.12,98.33
SUP_C,2026-07-05,110.33,108.5
SUP_C,2026-07-06,115.49,106.72
SUP_C,2026-07-07,104.25,103.52
SUP_C,2026-07-08,92.74,87.84
SUP_C,2026-07-09,93.66,87.56
SUP_C,2026-07-10,95.83,88.19
SUP_C,2026-07-11,100.54,99.87
SUP_C,2026-07-12,110.76,102.3
SUP_C,2026-07-13,111.86,109.68
SUP_C,2026-07-14,103.5,99.66
SUP_C,2026-07-15,95.22,90.07
SUP_C,2026-07-16,89.05,84.85
SUP_C,2026-07-17,94.13,88.25
SUP_C,2026-07-18,98.92,92.05
SUP_C,2026-07-19,110.55,103.34
SUP_C,2026-07-20,111.99,106.68
SUP_C,2026-07-21,106.98,105.99
SUP_C,2026-07-22,96.37,94.35
SUP_C,2026-07-23,94.24,92.45
SUP_C,2026-07-24,92.07,90.42
SUP_C,2026-07-25,105.13,102.23
SUP_C,2026-07-26,107.89,102.43
SUP_C,2026-07-27,109.72,108.63
SUP_C,2026-07-28,112.49,106.35
SUP_C,2026-07-29,98.13,90.8
SUP_C,2026-07-30,98.47,92.41
SUP_C,2026-07-31,93.34,92.8
SUP_C,2026-08-01,99.14,92.89
SUP_C,2026-08-02,114.36,105.91
SUP_C,2026-08-03,114.52,106.71
SUP_C,2026-08-04,104.14,98.43
SUP_C,2026-08-05,97.29,96.21
SUP_C,2026-08-06,97.07,96.35
SUP_C,2026-08-07,93.75,88.55
SUP_C,2026-08-08,101.64,100.69
SUP_C,2026-08-09,113.93,112.58
SUP_C,2026-08-10,111.41,108.07
SUP_C,2026-08-11,112.68,109.81
SUP_C,2026-08-12,97.63,96.01
SUP_C,2026-08-13,95.54,92.12
SUP_C,2026-08-14,93.75,90.29
SUP_C,2026-08-15,107.89,106.66
SUP_C,2026-08-16,109.43,105.13
SUP_C,2026-08-17,111.28,103.0
SUP_C,2026-08-18,110.67,103.61
SUP_C,2026-08-19,103.33,101.59
SUP_C,2026-08-20,100.71,99.71
SUP_C,2026-08-21,101.57,97.12
SUP_C,2026-08-22,106.73,104.02
SUP_C,2026-08-23,117.08,116.35
SUP_C,2026-08-24,111.31,105.61
SUP_C,2026-08-25,107.84,101.51
SUP_C,2026-08-26,102.26,96.85
SUP_C,2026-08-27,92.68,87.09
SUP_C,2026-08-28,101.59,98.16
SUP_C,2026-08-29,108.29,100.42
SUP_C,2026-08-30,113.53,107.1
SUP_C,2026-08-31,117.63,114.59
SUP_C,2026-09-01,110.86,109.43
SUP_C,2026-09-02,100.01,92.85
SUP_C,2026-09-03,98.11,96.21
SUP_C,2026-09-04,96.66,91.86
SUP_C,2026-09-05,104.27,100.62
SUP_C,2026-09-06,115.28,113.77
SUP_C,2026-09-07,116.99,115.41
SUP_C,2026-09-08,114.35,112.55
SUP_C,2026-09-09,102.97,100.77
SUP_C,2026-09-10,94.03,88.0
SUP_C,2026-09-11,100.35,96.91
SUP_C,2026-09-12,105.37,102.14
SUP_C,2026-09-13,117.04,112.11
SUP_C,2026-09-14,114.34,109.14
SUP_C,2026-09-15,111.74,107.69
SUP_C,2026-09-16,99.33,96.65
SUP_C,2026-09-17,101.83,97.45
SUP_C,2026-09-18,102.76,102.24
SUP_C,2026-09-19,111.68,110.03
SUP_C,2026-09-20,119.99,117.71
SUP_C,2026-09-21,116.88,108.9
SUP_C,2026-09-22,115.26,110.13
SUP_C,2026-09-23,106.04,104.97
SUP_C,2026-09-24,99.06,94.9
SUP_D,2026-06-27,76.94,71.41
SUP_D,2026-06-28,93.63,90.43
SUP_D,2026-06-29,93.57,86.37
SUP_D,2026-06-30,85.6,81.65
SUP_D,2026-07-01,81.96,81.7
SUP_D,2026-07-02,68.64,67.01
SUP_D,2026-07-03,72.04,71.86
SUP_D,2026-07-04,84.84,78.34
SUP_D,2026-07-05,89.62,89.42
SUP_D,2026-07-06,90.8,84.0
SUP_D,2026-07-07,91.69,86.29
SUP_D,2026-07-08,80.78,79.76
SUP_D,2026-07-09,72.58,69.12
SUP_D,2026-07-10,76.35,73.63
SUP_D,2026-07-11,88.12,87.73
SUP_D,2026-07-12,87.59,86.94
SUP_D,2026-07-13,98.15,95.6
SUP_D,2026-07-14,91.67,91.6
SUP_D,2026-07-15,79.52,74.31
SUP_D,2026-07-16,75.44,72.76
SUP_D,2026-07-17,75.83,71.93
SUP_D,2026-07-18,80.89,75.66
SUP_D,2026-07-19,91.55,86.03
SUP_D,2026-07-20,91.23,86.86
SUP_D,2026-07-21,84.82,82.53
SUP_D,2026-07-22,83.26,76.69
SUP_D,2026-07-23,75.21,71.94
SUP_D,2026-07-24,74.5,74.0
SUP_D,2026-07-25,80.45,76.27
SUP_D,2026-07-26,96.84,94.68
SUP_D,2026-07-27,97.34,91.7
SUP_D,2026-07-28,87.04,80.7
SUP_D,2026-07-29,77.27,73.83
SUP_D,2026-07-30,71.47,66.74
SUP_D,2026-07-31,78.19,75.61
SUP_D,2026-08-01,86.9,81.04
SUP_D,2026-08-02,97.78,96.67
SUP_D,2026-08-03,92.65,85.5
SUP_D,2026-08-04,89.69,87.2
SUP_D,2026-08-05,82.29,79.02
SUP_D,2026-08-06,77.35,74.59
SUP_D,2026-08-07,74.76,71.77
SUP_D,2026-08-08,83.3,77.69
SUP_D,2026-08-09,92.06,86.1
SUP_D,2026-08-10,93.01,87.62
SUP_D,2026-08-11,94.73,93.89
SUP_D,2026-08-12,84.24,80.48
SUP_D,2026-08-13,74.97,73.18
SUP_D,2026-08-14,79.42,78.45
SUP_D,2026-08-15,83.6,81.38
SUP_D,2026-08-16,95.3,89.74
SUP_D,2026-08-17,92.69,88.14
SUP_D,2026-08-18,92.08,90.18
SUP_D,2026-08-19,85.72,82.29
SUP_D,2026-08-20,81.58,78.62
SUP_D,2026-08-21,81.61,80.18
SUP_D,2026-08-22,91.58,86.4
SUP_D,2026-08-23,96.44,95.33
SUP_D,2026-08-24,95.77,94.52
SUP_D,2026-08-25,96.07,94.05
SUP_D,2026-08-26,83.02,79.54
SUP_D,2026-08-27,83.2,78.72
SUP_D,2026-08-28,80.78,77.82
SUP_D,2026-08-29,85.29,84.59
SUP_D,2026-08-30,94.66,94.59
SUP_D,2026-08-31,95.27,89.46
SUP_D,2026-09-01,91.78,91.35
SUP_D,2026-09-02,82.88,77.02
SUP_D,2026-09-03,74.6,73.15
SUP_D,2026-09-04,76.58,75.34
SUP_D,2026-09-05,93.32,86.04
SUP_D,2026-09-06,92.42,88.59
SUP_D,2026-09-07,98.99,91.68
SUP_D,2026-09-08,93.78,89.58
SUP_D,2026-09-09,86.26,80.49
SUP_D,2026-09-10,78.67,78.41
SUP_D,2026-09-11,79.75,74.87
SUP_D,2026-09-12,93.57,93.34
SUP_D,2026-09-13,94.14,86.63
SUP_D,2026-09-14,96.16,95.33
SUP_D,2026-09-15,97.97,91.41
SUP_D,2026-09-16,82.97,80.37
SUP_D,2026-09-17,77.71,77.32
SUP_D,2026-09-18,86.54,81.17
SUP_D,2026-09-19,91.52,87.11
SUP_D,2026-09-20,98.83,93.19
SUP_D,2026-09-21,103.04,99.4
SUP_D,2026-09-22,89.94,87.03
SUP_D,2026-09-23,90.72,85.22
SUP_D,2026-09-24,85.67,80.88
WH_A,2026-06-27,150.47,138.79
WH_A,2026-06-28,158.11,152.91
WH_A,2026-06-29,155.89,149.59
WH_A,2026-06-30,151.24,141.07
WH_A,2026-07-01,145.67,140.32
WH_A,2026-07-02,135.42,128.52
WH_A,2026-07-03,140.2,131.63
WH_A,2026-07-04,142.8,132.19
WH_A,2026-07-05,154.57,145.95
WH_A,2026-07-06,157.95,145.54
WH_A,2026-07-07,147.22,136.42
WH_A,2026-07-08,138.39,127.43
WH_A,2026-07-09,135.1,131.65
WH_A,2026-07-10,140.53,130.39
WH_A,2026-07-11,143.54,136.6
WH_A,2026-07-12,155.32,154.92
WH_A,2026-07-13,161.92,156.41
WH_A,2026-07-14,147.74,138.81
WH_A,2026-07-15,144.2,134.7
WH_A,2026-07-16,135.53,134.72
WH_A,2026-07-17,145.46,135.89
WH_A,2026-07-18,149.16,142.16
WH_A,2026-07-19,158.92,151.39
WH_A,2026-07-20,156.29,146.92
WH_A,2026-07-21,148.69,137.28
WH_A,2026-07-22,142.99,141.08
WH_A,2026-07-23,141.07,139.07
WH_A,2026-07-24,146.02,137.62
WH_A,2026-07-25,151.99,144.12
WH_A,2026-07-26,158.19,148.68
WH_A,2026-07-27,160.08,150.03
WH_A,2026-07-28,156.01,153.34
WH_A,2026-07-29,148.2,137.07
WH_A,2026-07-30,135.31,134.91
WH_A,2026-07-31,137.51,134.1
WH_A,2026-08-01,147.39,138.74
WH_A,2026-08-02,154.09,150.48
WH_A,2026-08-03,160.29,159.95
WH_A,2026-08-04,150.76,140.71
WH_A,2026-08-05,150.78,142.94
WH_A,2026-08-06,143.44,136.4
WH_A,2026-08-07,138.18,129.09
WH_A,2026-08-08,154.07,150.26
WH_A,2026-08-09,162.58,162.26
WH_A,2026-08-10,155.8,151.71
WH_A,2026-08-11,154.87,154.78
WH_A,2026-08-12,145.79,135.93
WH_A,2026-08-13,137.48,134.63
WH_A,2026-08-14,146.79,139.05
WH_A,2026-08-15,146.45,142.67
WH_A,2026-08-16,162.01,151.61
WH_A,2026-08-17,158.18,156.36
WH_A,2026-08-18,158.77,149.15
WH_A,2026-08-19,142.49,135.93
WH_A,2026-08-20,145.29,136.48
WH_A,2026-08-21,143.8,139.91
WH_A,2026-08-22,153.01,148.7
WH_A,2026-08-23,164.75,152.96
WH_A,2026-08-24,159.92,150.64
WH_A,2026-08-25,159.36,157.16
WH_A,2026-08-26,145.4,144.73
WH_A,2026-08-27,147.34,140.31
WH_A,2026-08-28,146.51,135.13
WH_A,2026-08-29,147.94,146.93
WH_A,2026-08-30,157.64,153.2
WH_A,2026-08-31,165.14,156.98
WH_A,2026-09-01,153.23,147.16
WH_A,2026-09-02,147.96,139.54
WH_A,2026-09-03,147.55,136.0
WH_A,2026-09-04,146.73,140.86
WH_A,2026-09-05,153.44,150.28
WH_A,2026-09-06,158.51,154.45
WH_A,2026-09-07,163.12,161.67
WH_A,2026-09-08,160.33,154.74
WH_A,2026-09-09,154.06,144.24
WH_A,2026-09-10,144.88,136.81
WH_A,2026-09-11,144.28,135.32
WH_A,2026-09-12,152.21,149.6
WH_A,2026-09-13,157.63,151.22
WH_A,2026-09-14,160.72,154.72
WH_A,2026-09-15,154.5,149.26
WH_A,2026-09-16,151.4,150.21
WH_A,2026-09-17,141.5,140.32
WH_A,2026-09-18,143.81,143.25
WH_A,2026-09-19,157.61,152.66
WH_A,2026-09-20,157.62,148.89
WH_A,2026-09-21,163.54,151.25
WH_A,2026-09-22,161.59,158.37
WH_A,2026-09-23,151.08,148.62
WH_A,2026-09-24,148.05,141.58
WH_B,2026-06-27,161.07,155.45
WH_B,2026-06-28,165.4,164.82
WH_B,2026-06-29,165.09,158.31
WH_B,2026-06-30,158.63,148.56
WH_B,2026-07-01,148.88,140.06
WH_B,2026-07-02,144.46,135.34
WH_B,2026-07-03,150.72,144.93
WH_B,2026-07-04,156.45,145.12
WH_B,2026-07-05,167.78,166.93
WH_B,2026-07-06,170.4,166.65
WH_B,2026-07-07,161.21,154.46
WH_B,2026-07-08,151.86,148.76
WH_B,2026-07-09,147.97,147.84
WH_B,2026-07-10,152.38,143.09
WH_B,2026-07-11,158.09,153.97
WH_B,2026-07-12,165.61,154.18
WH_B,2026-07-13,172.51,159.2
WH_B,2026-07-14,160.66,159.23
WH_B,2026-07-15,158.77,148.95
WH_B,2026-07-16,150.75,147.0
WH_B,2026-07-17,153.9,151.89
WH_B,2026-07-18,154.35,144.43
WH_B,2026-07-19,164.52,151.53
WH_B,2026-07-20,167.77,163.3
WH_B,2026-07-21,164.85,158.89
WH_B,2026-07-22,158.88,148.95
WH_B,2026-07-23,152.06,143.45
WH_B,2026-07-24,149.36,138.5
WH_B,2026-07-25,162.62,161.69
WH_B,2026-07-26,170.19,168.59
WH_B,2026-07-27,169.96,163.31
WH_B,2026-07-28,167.45,155.72
WH_B,2026-07-29,154.95,151.85
WH_B,2026-07-30,146.19,143.76
WH_B,2026-07-31,155.71,145.55
WH_B,2026-08-01,163.32,161.14
WH_B,2026-08-02,165.09,153.5
WH_B,2026-08-03,166.88,154.69
WH_B,2026-08-04,160.87,151.72
WH_B,2026-08-05,156.61,149.73
WH_B,2026-08-06,150.67,141.56
WH_B,2026-08-07,151.02,146.68
WH_B,2026-08-08,160.47,148.28
WH_B,2026-08-09,166.33,161.15
WH_B,2026-08-10,175.39,174.83
WH_B,2026-08-11,170.05,158.39
WH_B,2026-08-12,160.52,151.32
WH_B,2026-08-13,156.64,150.82
WH_B,2026-08-14,149.28,146.86
WH_B,2026-08-15,157.58,157.27
WH_B,2026-08-16,172.42,161.15
WH_B,2026-08-17,174.18,171.75
WH_B,2026-08-18,161.97,156.27
WH_B,2026-08-19,159.49,149.65
WH_B,2026-08-20,157.09,147.22
WH_B,2026-08-21,159.37,149.88
WH_B,2026-08-22,164.4,151.27
WH_B,2026-08-23,171.09,170.05
WH_B,2026-08-24,175.07,171.22
WH_B,2026-08-25,169.92,163.48
WH_B,2026-08-26,159.52,147.37
WH_B,2026-08-27,149.17,141.98
WH_B,2026-08-28,156.87,146.69
WH_B,2026-08-29,163.61,151.87
WH_B,2026-08-30,173.0,160.76
WH_B,2026-08-31,176.55,172.67
WH_B,2026-09-01,165.68,155.71
WH_B,2026-09-02,155.67,147.02
WH_B,2026-09-03,155.03,154.19
WH_B,2026-09-04,160.58,159.55
WH_B,2026-09-05,167.38,158.78
WH_B,2026-09-06,176.33,165.27
WH_B,2026-09-07,170.45,164.65
WH_B,2026-09-08,172.3,168.94
WH_B,2026-09-09,160.82,148.55
WH_B,2026-09-10,155.05,150.42
WH_B,2026-09-11,160.21,156.43
WH_B,2026-09-12,166.5,154.07
WH_B,2026-09-13,172.11,169.82
WH_B,2026-09-14,172.7,160.78
WH_B,2026-09-15,168.51,158.88
WH_B,2026-09-16,156.18,154.23
WH_B,2026-09-17,152.45,151.23
WH_B,2026-09-18,162.01,150.18
WH_B,2026-09-19,163.55,160.55
WH_B,2026-09-20,174.64,170.68
WH_B,2026-09-21,177.19,170.95
WH_B,2026-09-22,169.46,160.72
WH_B,2026-09-23,161.02,154.05
WH_B,2026-09-24,157.38,145.53
WH_C,2026-06-27,127.87,121.65
WH_C,2026-06-28,136.63,126.08
WH_C,2026-06-29,131.65,121.65
WH_C,2026-06-30,134.19,131.52
WH_C,2026-07-01,121.62,113.71
WH_C,2026-07-02,114.93,106.26
WH_C,2026-07-03,116.48,115.67
WH_C,2026-07-04,122.32,115.22
WH_C,2026-07-05,137.61,129.54
WH_C,2026-07-06,135.56,135.41
WH_C,2026-07-07,128.74,126.94
WH_C,2026-07-08,126.38,121.99
WH_C,2026-07-09,118.85,117.87
WH_C,2026-07-10,124.04,120.62
WH_C,2026-07-11,128.13,120.42
WH_C,2026-07-12,138.59,133.55
WH_C,2026-07-13,141.68,132.54
WH_C,2026-07-14,132.76,126.99
WH_C,2026-07-15,125.19,124.59
WH_C,2026-07-16,114.58,105.61
WH_C,2026-07-17,117.32,113.8
WH_C,2026-07-18,132.42,127.4
WH_C,2026-07-19,134.17,126.08
WH_C,2026-07-20,136.11,129.28
WH_C,2026-07-21,131.41,127.1
WH_C,2026-07-22,128.88,123.68
WH_C,2026-07-23,114.21,111.97
WH_C,2026-07-24,118.48,114.65
WH_C,2026-07-25,132.29,127.96
WH_C,2026-07-26,137.45,132.49
WH_C,2026-07-27,134.24,129.92
WH_C,2026-07-28,133.92,127.11
WH_C,2026-07-29,123.09,113.39
WH_C,2026-07-30,119.58,118.13
WH_C,2026-07-31,117.65,109.65
WH_C,2026-08-01,131.13,124.8
WH_C,2026-08-02,132.73,130.5
WH_C,2026-08-03,136.74,135.88
WH_C,2026-08-04,129.51,125.69
WH_C,2026-08-05,127.71,120.88
WH_C,2026-08-06,122.6,120.87
WH_C,2026-08-07,121.65,118.16
WH_C,2026-08-08,133.74,124.6
WH_C,2026-08-09,141.96,141.12
WH_C,2026-08-10,138.86,137.85
WH_C,2026-08-11,133.71,132.13
WH_C,2026-08-12,129.27,127.81
WH_C,2026-08-13,119.55,117.24
WH_C,2026-08-14,118.87,111.17
WH_C,2026-08-15,127.65,118.87
WH_C,2026-08-16,142.91,140.85
WH_C,2026-08-17,137.22,126.88
WH_C,2026-08-18,136.64,134.02
WH_C,2026-08-19,124.4,115.35
WH_C,2026-08-20,121.63,113.75
WH_C,2026-08-21,120.19,111.07
WH_C,2026-08-22,136.44,128.31
WH_C,2026-08-23,141.6,134.62
WH_C,2026-08-24,142.6,135.98
WH_C,2026-08-25,132.28,123.82
WH_C,2026-08-26,132.08,128.11
WH_C,2026-08-27,126.12,119.91
WH_C,2026-08-28,121.42,119.98
WH_C,2026-08-29,132.11,130.78
WH_C,2026-08-30,142.49,137.96
WH_C,2026-08-31,137.56,130.32
WH_C,2026-09-01,140.49,134.91
WH_C,2026-09-02,132.06,123.79
WH_C,2026-09-03,123.37,114.57
WH_C,2026-09-04,122.66,117.06
WH_C,2026-09-05,137.59,135.78
WH_C,2026-09-06,139.83,137.95
WH_C,2026-09-07,145.48,134.72
WH_C,2026-09-08,133.78,127.99
WH_C,2026-09-09,125.78,117.32
WH_C,2026-09-10,124.78,116.84
WH_C,2026-09-11,128.44,123.03
WH_C,2026-09-12,131.77,122.97
WH_C,2026-09-13,138.9,130.64
WH_C,2026-09-14,142.02,138.04
WH_C,2026-09-15,136.93,131.14
WH_C,2026-09-16,132.19,126.02
WH_C,2026-09-17,123.15,116.91
WH_C,2026-09-18,129.27,129.24
WH_C,2026-09-19,129.92,126.97
WH_C,2026-09-20,140.7,139.88
WH_C,2026-09-21,139.41,132.16
WH_C,2026-09-22,142.0,136.48
WH_C,2026-09-23,127.35,121.41
WH_C,2026-09-24,126.59,120.01
PROD_A,2026-06-27,114.21,112.49
PROD_A,2026-06-28,128.1,118.75
PROD_A,2026-06-29,128.98,120.62
PROD_A,2026-06-30,125.18,122.13
PROD_A,2026-07-01,118.18,116.0
PROD_A,2026-07-02,111.57,103.97
PROD_A,2026-07-03,108.08,102.44
PROD_A,2026-07-04,123.52,115.23
PROD_A,2026-07-05,131.25,124.41
PROD_A,2026-07-06,131.55,121.99
PROD_A,2026-07-07,120.35,114.29
PROD_A,2026-07-08,111.24,108.12
PROD_A,2026-07-09,111.83,106.0
PROD_A,2026-07-10,115.82,114.26
PROD_A,2026-07-11,119.34,118.83
PROD_A,2026-07-12,128.33,123.02
PROD_A,2026-07-13,134.22,127.11
PROD_A,2026-07-14,123.88,117.62
PROD_A,2026-07-15,120.73,114.99
PROD_A,2026-07-16,115.0,112.28
PROD_A,2026-07-17,116.21,109.79
PROD_A,2026-07-18,117.25,116.55
PROD_A,2026-07-19,129.34,119.39
PROD_A,2026-07-20,127.74,124.36
PROD_A,2026-07-21,126.17,122.59
PROD_A,2026-07-22,121.74,113.66
PROD_A,2026-07-23,115.54,112.39
PROD_A,2026-07-24,113.4,105.77
PROD_A,2026-07-25,124.7,120.15
PROD_A,2026-07-26,129.04,121.79
PROD_A,2026-07-27,135.43,128.21
PROD_A,2026-07-28,122.54,115.67
PROD_A,2026-07-29,122.75,115.58
PROD_A,2026-07-30,117.09,116.11
PROD_A,2026-07-31,119.07,116.04
PROD_A,2026-08-01,121.51,113.25
PROD_A,2026-08-02,126.36,118.93
PROD_A,2026-08-03,134.16,127.61
PROD_A,2026-08-04,124.22,116.11
PROD_A,2026-08-05,123.13,122.26
PROD_A,2026-08-06,115.67,111.94
PROD_A,2026-08-07,114.39,108.95
PROD_A,2026-08-08,125.42,121.07
PROD_A,2026-08-09,131.15,128.48
PROD_A,2026-08-10,135.79,130.39
PROD_A,2026-08-11,132.08,131.62
PROD_A,2026-08-12,119.03,118.8
PROD_A,2026-08-13,113.69,111.75
PROD_A,2026-08-14,117.3,108.67
PROD_A,2026-08-15,127.98,117.99
PROD_A,2026-08-16,132.53,127.46
PROD_A,2026-08-17,135.43,133.65
PROD_A,2026-08-18,132.36,131.8
PROD_A,2026-08-19,116.54,114.06
PROD_A,2026-08-20,112.05,105.66
PROD_A,2026-08-21,121.36,113.36
PROD_A,2026-08-22,128.73,120.04
PROD_A,2026-08-23,135.53,128.46
PROD_A,2026-08-24,134.36,130.01
PROD_A,2026-08-25,129.19,124.04
PROD_A,2026-08-26,124.21,119.7
PROD_A,2026-08-27,112.55,112.46
PROD_A,2026-08-28,119.81,116.81
PROD_A,2026-08-29,120.73,119.41
PROD_A,2026-08-30,128.59,124.97
PROD_A,2026-08-31,130.56,129.55
PROD_A,2026-09-01,131.14,121.23
PROD_A,2026-09-02,123.78,119.03
PROD_A,2026-09-03,113.39,109.34
PROD_A,2026-09-04,113.91,108.0
PROD_A,2026-09-05,121.36,115.17
PROD_A,2026-09-06,136.38,133.42
PROD_A,2026-09-07,138.7,133.66
PROD_A,2026-09-08,131.79,121.65
PROD_A,2026-09-09,121.22,114.11
PROD_A,2026-09-10,119.01,113.93
PROD_A,2026-09-11,119.35,112.95
PROD_A,2026-09-12,124.37,115.06
PROD_A,2026-09-13,134.07,130.12
PROD_A,2026-09-14,137.67,130.16
PROD_A,2026-09-15,134.52,127.19
PROD_A,2026-09-16,119.29,110.27
PROD_A,2026-09-17,112.99,105.5
PROD_A,2026-09-18,123.92,115.31
PROD_A,2026-09-19,122.89,116.68
PROD_A,2026-09-20,138.4,133.71
PROD_A,2026-09-21,132.82,123.37
PROD_A,2026-09-22,131.16,125.76
PROD_A,2026-09-23,123.82,122.24
PROD_A,2026-09-24,116.95,108.17
PROD_B,2026-06-27,119.74,117.4
PROD_B,2026-06-28,124.24,114.83
PROD_B,2026-06-29,130.55,122.98
PROD_B,2026-06-30,120.22,112.31
PROD_B,2026-07-01,112.94,106.75
PROD_B,2026-07-02,112.28,104.83
PROD_B,2026-07-03,116.01,111.38
PROD_B,2026-07-04,122.19,115.31
PROD_B,2026-07-05,124.9,114.98
PROD_B,2026-07-06,133.72,125.39
PROD_B,2026-07-07,123.43,120.86
PROD_B,2026-07-08,119.77,113.3
PROD_B,2026-07-09,111.01,110.02
PROD_B,2026-07-10,111.72,111.65
PROD_B,2026-07-11,116.23,111.63
PROD_B,2026-07-12,125.61,124.23
PROD_B,2026-07-13,131.84,131.22
PROD_B,2026-07-14,126.72,125.71
PROD_B,2026-07-15,117.8,116.92
PROD_B,2026-07-16,109.77,106.0
PROD_B,2026-07-17,111.86,107.98
PROD_B,2026-07-18,122.35,112.59
PROD_B,2026-07-19,132.92,124.34
PROD_B,2026-07-20,132.33,126.02
PROD_B,2026-07-21,128.53,127.42
PROD_B,2026-07-22,121.51,115.44
PROD_B,2026-07-23,115.51,112.89
PROD_B,2026-07-24,116.31,116.23
PROD_B,2026-07-25,127.11,126.46
PROD_B,2026-07-26,129.56,123.96
PROD_B,2026-07-27,131.62,131.45
PROD_B,2026-07-28,129.13,126.98
PROD_B,2026-07-29,117.44,110.86
PROD_B,2026-07-30,114.3,106.49
PROD_B,2026-07-31,119.57,115.53
PROD_B,2026-08-01,125.83,116.1
PROD_B,2026-08-02,132.92,130.85
PROD_B,2026-08-03,134.46,128.9
PROD_B,2026-08-04,124.8,116.25
PROD_B,2026-08-05,115.37,109.5
PROD_B,2026-08-06,117.03,110.49
PROD_B,2026-08-07,112.67,106.84
PROD_B,2026-08-08,119.37,112.25
PROD_B,2026-08-09,131.91,124.05
PROD_B,2026-08-10,133.17,129.17
PROD_B,2026-08-11,131.96,131.64
PROD_B,2026-08-12,118.26,114.04
PROD_B,2026-08-13,117.04,115.6
PROD_B,2026-08-14,112.23,111.98
PROD_B,2026-08-15,126.52,123.92
PROD_B,2026-08-16,132.0,124.84
PROD_B,2026-08-17,130.44,124.56
PROD_B,2026-08-18,128.63,121.3
PROD_B,2026-08-19,120.92,119.27
PROD_B,2026-08-20,110.45,104.28
PROD_B,2026-08-21,121.64,117.64
PROD_B,2026-08-22,120.54,119.36
PROD_B,2026-08-23,137.14,130.87
PROD_B,2026-08-24,137.31,126.47
PROD_B,2026-08-25,133.13,129.72
PROD_B,2026-08-26,116.5,108.09
PROD_B,2026-08-27,114.02,109.94
PROD_B,2026-08-28,119.84,115.59
PROD_B,2026-08-29,128.49,128.28
PROD_B,2026-08-30,133.62,126.62
PROD_B,2026-08-31,140.8,132.38
PROD_B,2026-09-01,127.9,122.9
PROD_B,2026-09-02,126.37,119.14
PROD_B,2026-09-03,115.18,111.26
PROD_B,2026-09-04,119.8,114.36
PROD_B,2026-09-05,125.15,117.22
PROD_B,2026-09-06,130.96,126.87
PROD_B,2026-09-07,136.49,130.82
PROD_B,2026-09-08,128.27,121.6
PROD_B,2026-09-09,126.14,120.0
PROD_B,2026-09-10,119.82,114.33
PROD_B,2026-09-11,116.28,113.64
PROD_B,2026-09-12,124.01,120.03
PROD_B,2026-09-13,130.83,129.26
PROD_B,2026-09-14,139.26,135.8
PROD_B,2026-09-15,128.31,127.16
PROD_B,2026-09-16,127.38,119.11
PROD_B,2026-09-17,122.08,112.74
PROD_B,2026-09-18,115.79,114.65
PROD_B,2026-09-19,126.49,120.16
PROD_B,2026-09-20,139.12,135.78
PROD_B,2026-09-21,135.49,126.58
PROD_B,2026-09-22,131.29,127.99
PROD_B,2026-09-23,119.47,116.6
PROD_B,2026-09-24,121.08,120.97
PROD_C,2026-06-27,99.59,96.19
PROD_C,2026-06-28,104.04,100.63
PROD_C,2026-06-29,100.38,99.06
PROD_C,2026-06-30,98.64,98.05
PROD_C,2026-07-01,86.43,85.94
PROD_C,2026-07-02,87.48,81.87
PROD_C,2026-07-03,88.55,87.27
PROD_C,2026-07-04,99.52,97.87
PROD_C,2026-07-05,107.39,100.48
PROD_C,2026-07-06,110.19,106.04
PROD_C,2026-07-07,101.75,96.75
PROD_C,2026-07-08,95.88,89.49
PROD_C,2026-07-09,90.58,88.18
PROD_C,2026-07-10,93.14,89.08
PROD_C,2026-07-11,93.42,86.78
PROD_C,2026-07-12,106.2,102.0
PROD_C,2026-07-13,107.15,101.19
PROD_C,2026-07-14,97.95,93.27
PROD_C,2026-07-15,96.29,90.37
PROD_C,2026-07-16,85.72,79.36
PROD_C,2026-07-17,92.26,91.87
PROD_C,2026-07-18,102.11,98.61
PROD_C,2026-07-19,105.75,104.89
PROD_C,2026-07-20,106.5,99.93
PROD_C,2026-07-21,105.94,98.51
PROD_C,2026-07-22,93.54,93.24
PROD_C,2026-07-23,85.57,81.77
PROD_C,2026-07-24,90.74,87.5
PROD_C,2026-07-25,96.86,93.56
PROD_C,2026-07-26,109.04,106.47
PROD_C,2026-07-27,109.18,103.5
PROD_C,2026-07-28,104.06,96.52
PROD_C,2026-07-29,96.67,91.54
PROD_C,2026-07-30,93.55,91.56
PROD_C,2026-07-31,94.81,89.88
PROD_C,2026-08-01,102.72,100.38
PROD_C,2026-08-02,110.61,104.27
PROD_C,2026-08-03,112.83,107.11
PROD_C,2026-08-04,104.74,101.12
PROD_C,2026-08-05,99.02,94.41
PROD_C,2026-08-06,87.82,82.96
PROD_C,2026-08-07,92.92,85.9
PROD_C,2026-08-08,102.47,94.86
PROD_C,2026-08-09,108.06,106.14
PROD_C,2026-08-10,111.92,109.26
PROD_C,2026-08-11,104.62,104.12
PROD_C,2026-08-12,93.81,90.65
PROD_C,2026-08-13,94.88,93.58
PROD_C,2026-08-14,93.33,86.31
PROD_C,2026-08-15,96.89,95.84
PROD_C,2026-08-16,111.28,107.46
PROD_C,2026-08-17,110.72,107.74
PROD_C,2026-08-18,103.7,98.97
PROD_C,2026-08-19,94.8,91.41
PROD_C,2026-08-20,91.66,85.95
PROD_C,2026-08-21,97.16,90.14
PROD_C,2026-08-22,100.31,93.07
PROD_C,2026-08-23,111.45,104.86
PROD_C,2026-08-24,106.44,103.45
PROD_C,2026-08-25,105.01,104.99
PROD_C,2026-08-26,98.12,94.66
PROD_C,2026-08-27,94.19,90.75
PROD_C,2026-08-28,91.2,87.35
PROD_C,2026-08-29,98.5,94.69
PROD_C,2026-08-30,107.78,105.13
PROD_C,2026-08-31,115.14,110.21
PROD_C,2026-09-01,107.72,99.15
PROD_C,2026-09-02,96.74,96.32
PROD_C,2026-09-03,95.83,92.88
PROD_C,2026-09-04,93.64,91.89
PROD_C,2026-09-05,99.95,98.55
PROD_C,2026-09-06,107.45,107.3
PROD_C,2026-09-07,112.91,111.83
PROD_C,2026-09-08,106.08,100.07
PROD_C,2026-09-09,99.05,98.02
PROD_C,2026-09-10,97.61,92.01
PROD_C,2026-09-11,99.12,95.58
PROD_C,2026-09-12,105.95,104.04
PROD_C,2026-09-13,111.3,108.65
PROD_C,2026-09-14,117.04,113.93
PROD_C,2026-09-15,102.92,97.68
PROD_C,2026-09-16,96.2,92.16
PROD_C,2026-09-17,92.51,85.82
PROD_C,2026-09-18,99.09,95.97
PROD_C,2026-09-19,107.64,105.2
PROD_C,2026-09-20,112.33,103.36
PROD_C,2026-09-21,109.34,105.1
PROD_C,2026-09-22,108.32,105.78
PROD_C,2026-09-23,103.98,99.11
PROD_C,2026-09-24,90.56,88.85
PROD_D,2026-06-27,135.73,127.05
PROD_D,2026-06-28,145.31,141.83
PROD_D,2026-06-29,153.85,142.71
PROD_D,2026-06-30,141.8,133.88
PROD_D,2026-07-01,140.23,138.26
PROD_D,2026-07-02,129.86,127.21
PROD_D,2026-07-03,127.22,118.54
PROD_D,2026-07-04,138.81,130.94
PROD_D,2026-07-05,145.69,143.09
PROD_D,2026-07-06,150.68,142.23
PROD_D,2026-07-07,147.99,146.96
PROD_D,2026-07-08,140.5,135.34
PROD_D,2026-07-09,130.63,125.42
PROD_D,2026-07-10,130.1,123.42
PROD_D,2026-07-11,142.46,134.96
PROD_D,2026-07-12,151.85,144.52
PROD_D,2026-07-13,147.73,137.85
PROD_D,2026-07-14,142.49,138.71
PROD_D,2026-07-15,141.15,137.76
PROD_D,2026-07-16,126.94,124.7
PROD_D,2026-07-17,136.55,132.82
PROD_D,2026-07-18,143.81,142.83
PROD_D,2026-07-19,145.31,134.95
PROD_D,2026-07-20,148.85,140.79
PROD_D,2026-07-21,144.86,134.57
PROD_D,2026-07-22,140.84,139.8
PROD_D,2026-07-23,128.71,125.78
PROD_D,2026-07-24,139.0,129.93
PROD_D,2026-07-25,139.9,139.38
PROD_D,2026-07-26,153.7,143.53
PROD_D,2026-07-27,155.87,151.35
PROD_D,2026-07-28,144.59,142.8
PROD_D,2026-07-29,142.33,134.32
PROD_D,2026-07-30,131.32,123.32
PROD_D,2026-07-31,132.83,131.98
PROD_D,2026-08-01,139.82,138.69
PROD_D,2026-08-02,152.71,142.25
PROD_D,2026-08-03,154.86,151.64
PROD_D,2026-08-04,144.92,135.1
PROD_D,2026-08-05,140.6,130.56
PROD_D,2026-08-06,131.15,131.04
PROD_D,2026-08-07,132.28,122.93
PROD_D,2026-08-08,139.83,134.49
PROD_D,2026-08-09,155.81,149.2
PROD_D,2026-08-10,151.63,146.82
PROD_D,2026-08-11,150.56,145.73
PROD_D,2026-08-12,141.6,133.43
PROD_D,2026-08-13,137.38,132.06
PROD_D,2026-08-14,132.27,126.57
PROD_D,2026-08-15,148.87,144.41
PROD_D,2026-08-16,155.92,149.96
PROD_D,2026-08-17,156.15,147.53
PROD_D,2026-08-18,148.81,143.36
PROD_D,2026-08-19,135.65,129.36
PROD_D,2026-08-20,138.07,137.65
PROD_D,2026-08-21,139.81,135.26
PROD_D,2026-08-22,139.99,133.76
PROD_D,2026-08-23,151.32,142.54
PROD_D,2026-08-24,159.04,149.05
PROD_D,2026-08-25,149.1,143.93
PROD_D,2026-08-26,136.59,130.58
PROD_D,2026-08-27,138.63,131.03
PROD_D,2026-08-28,141.22,131.67
PROD_D,2026-08-29,143.17,143.17
PROD_D,2026-08-30,156.53,155.65
PROD_D,2026-08-31,158.74,156.08
PROD_D,2026-09-01,153.31,145.75
PROD_D,2026-09-02,137.38,136.93
PROD_D,2026-09-03,133.58,126.06
PROD_D,2026-09-04,134.97,127.62
PROD_D,2026-09-05,146.8,146.22
PROD_D,2026-09-06,158.84,151.87
PROD_D,2026-09-07,157.56,153.63
PROD_D,2026-09-08,150.93,139.5
PROD_D,2026-09-09,147.12,145.25
PROD_D,2026-09-10,133.18,125.32
PROD_D,2026-09-11,141.46,133.01
PROD_D,2026-09-12,148.19,142.68
PROD_D,2026-09-13,151.0,146.51
PROD_D,2026-09-14,153.41,151.31
PROD_D,2026-09-15,151.71,148.19
PROD_D,2026-09-16,147.07,141.44
PROD_D,2026-09-17,140.93,130.43
PROD_D,2026-09-18,140.37,132.31
PROD_D,2026-09-19,144.69,143.84
PROD_D,2026-09-20,158.59,148.63
PROD_D,2026-09-21,159.37,155.74
PROD_D,2026-09-22,153.99,146.6
PROD_D,2026-09-23,145.55,136.66
PROD_D,2026-09-24,136.63,130.81
STORE_A,2026-06-27,38.82,37.2
STORE_A,2026-06-28,42.5,41.38
STORE_A,2026-06-29,46.07,42.94
STORE_A,2026-06-30,40.78,38.45
STORE_A,2026-07-01,37.37,37.07
STORE_A,2026-07-02,26.38,25.26
STORE_A,2026-07-03,30.64,28.66
STORE_A,2026-07-04,36.5,35.39
STORE_A,2026-07-05,44.1,43.99
STORE_A,2026-07-06,48.13,46.0
STORE_A,2026-07-07,45.03,44.7
STORE_A,2026-07-08,37.97,35.61
STORE_A,2026-07-09,25.11,23.29
STORE_A,2026-07-10,26.68,26.42
STORE_A,2026-07-11,39.63,38.13
STORE_A,2026-07-12,45.26,45.01
STORE_A,2026-07-13,45.49,42.73
STORE_A,2026-07-14,37.93,37.06
STORE_A,2026-07-15,29.19,28.91
STORE_A,2026-07-16,27.92,26.48
STORE_A,2026-07-17,30.78,29.82
STORE_A,2026-07-18,38.61,38.03
STORE_A,2026-07-19,45.06,42.89
STORE_A,2026-07-20,45.51,42.4
STORE_A,2026-07-21,48.06,47.84
STORE_A,2026-07-22,39.1,37.63
STORE_A,2026-07-23,24.54,23.8
STORE_A,2026-07-24,32.73,30.56
STORE_A,2026-07-25,43.02,40.21
STORE_A,2026-07-26,50.35,49.1
STORE_A,2026-07-27,46.96,44.57
STORE_A,2026-07-28,42.77,39.91
STORE_A,2026-07-29,36.55,35.48
STORE_A,2026-07-30,29.98,28.96
STORE_A,2026-07-31,31.24,31.17
STORE_A,2026-08-01,43.61,41.86
STORE_A,2026-08-02,45.61,44.09
STORE_A,2026-08-03,46.83,44.94
STORE_A,2026-08-04,43.14,42.34
STORE_A,2026-08-05,36.02,34.33
STORE_A,2026-08-06,34.35,31.61
STORE_A,2026-08-07,34.91,33.02
STORE_A,2026-08-08,39.65,39.49
STORE_A,2026-08-09,50.75,49.04
STORE_A,2026-08-10,48.91,48.0
STORE_A,2026-08-11,47.99,46.72
STORE_A,2026-08-12,34.94,32.19
STORE_A,2026-08-13,27.64,26.33
STORE_A,2026-08-14,31.8,29.49
STORE_A,2026-08-15,39.58,38.58
STORE_A,2026-08-16,46.84,43.75
STORE_A,2026-08-17,47.23,44.12
STORE_A,2026-08-18,50.14,49.71
STORE_A,2026-08-19,35.44,34.25
STORE_A,2026-08-20,28.58,26.67
STORE_A,2026-08-21,35.69,35.18
STORE_A,2026-08-22,46.43,42.72
STORE_A,2026-08-23,50.07,48.18
STORE_A,2026-08-24,51.48,50.29
STORE_A,2026-08-25,46.31,44.43
STORE_A,2026-08-26,36.62,35.34
STORE_A,2026-08-27,32.26,29.99
STORE_A,2026-08-28,35.35,33.64
STORE_A,2026-08-29,41.75,39.85
STORE_A,2026-08-30,47.9,46.11
STORE_A,2026-08-31,47.96,47.53
STORE_A,2026-09-01,52.15,49.19
STORE_A,2026-09-02,38.67,35.59
STORE_A,2026-09-03,32.52,31.01
STORE_A,2026-09-04,38.78,37.49
STORE_A,2026-09-05,46.99,44.41
STORE_A,2026-09-06,51.7,48.45
STORE_A,2026-09-07,56.81,52.67
STORE_A,2026-09-08,44.28,40.75
STORE_A,2026-09-09,36.77,35.32
STORE_A,2026-09-10,38.88,37.15
STORE_A,2026-09-11,40.9,37.67
STORE_A,2026-09-12,42.63,40.89
STORE_A,2026-09-13,56.5,55.54
STORE_A,2026-09-14,56.96,53.31
STORE_A,2026-09-15,45.42,43.69
STORE_A,2026-09-16,38.61,37.36
STORE_A,2026-09-17,33.58,33.24
STORE_A,2026-09-18,34.44,34.42
STORE_A,2026-09-19,45.44,43.8
STORE_A,2026-09-20,55.47,52.39
STORE_A,2026-09-21,57.73,56.6
STORE_A,2026-09-22,53.12,51.61
STORE_A,2026-09-23,38.17,35.24
STORE_A,2026-09-24,32.49,30.84
STORE_B,2026-06-27,49.32,48.25
STORE_B,2026-06-28,61.34,56.94
STORE_B,2026-06-29,61.85,58.84
STORE_B,2026-06-30,56.86,53.37
STORE_B,2026-07-01,46.17,46.07
STORE_B,2026-07-02,38.48,35.65
STORE_B,2026-07-03,41.33,38.45
STORE_B,2026-07-04,52.6,49.33
STORE_B,2026-07-05,59.03,59.02
STORE_B,2026-07-06,60.54,59.39
STORE_B,2026-07-07,58.85,57.69
STORE_B,2026-07-08,49.28,49.16
STORE_B,2026-07-09,45.85,44.0
STORE_B,2026-07-10,46.72,45.5
STORE_B,2026-07-11,47.38,45.72
STORE_B,2026-07-12,60.72,56.7
STORE_B,2026-07-13,63.28,61.2
STORE_B,2026-07-14,60.09,59.27
STORE_B,2026-07-15,48.43,45.21
STORE_B,2026-07-16,43.05,41.23
STORE_B,2026-07-17,48.52,47.68
STORE_B,2026-07-18,51.15,50.03
STORE_B,2026-07-19,57.01,54.88
STORE_B,2026-07-20,57.84,53.82
STORE_B,2026-07-21,58.73,55.25
STORE_B,2026-07-22,46.15,45.31
STORE_B,2026-07-23,42.91,40.03
STORE_B,2026-07-24,48.83,45.26
STORE_B,2026-07-25,52.57,48.86
STORE_B,2026-07-26,63.48,61.87
STORE_B,2026-07-27,64.78,60.05
STORE_B,2026-07-28,56.91,56.36
STORE_B,2026-07-29,46.6,43.4
STORE_B,2026-07-30,40.32,37.25
STORE_B,2026-07-31,48.92,48.25
STORE_B,2026-08-01,55.83,51.65
STORE_B,2026-08-02,57.34,55.31
STORE_B,2026-08-03,66.58,63.45
STORE_B,2026-08-04,53.63,52.71
STORE_B,2026-08-05,49.58,48.23
STORE_B,2026-08-06,43.62,41.52
STORE_B,2026-08-07,43.91,41.36
STORE_B,2026-08-08,56.37,52.91
STORE_B,2026-08-09,63.55,61.81
STORE_B,2026-08-10,65.14,62.15
STORE_B,2026-08-11,62.19,60.76
STORE_B,2026-08-12,51.28,50.9
STORE_B,2026-08-13,48.64,45.74
STORE_B,2026-08-14,49.2,45.66
STORE_B,2026-08-15,54.47,50.24
STORE_B,2026-08-16,62.37,58.26
STORE_B,2026-08-17,59.86,58.29
STORE_B,2026-08-18,63.82,59.63
STORE_B,2026-08-19,48.53,47.44
STORE_B,2026-08-20,47.62,44.82
STORE_B,2026-08-21,50.16,47.4
STORE_B,2026-08-22,50.7,50.27
STORE_B,2026-08-23,60.57,57.76
STORE_B,2026-08-24,63.28,62.6
STORE_B,2026-08-25,58.29,55.46
STORE_B,2026-08-26,46.88,46.68
STORE_B,2026-08-27,50.21,49.81
STORE_B,2026-08-28,43.52,41.07
STORE_B,2026-08-29,53.45,49.56
STORE_B,2026-08-30,67.85,62.46
STORE_B,2026-08-31,67.42,64.7
STORE_B,2026-09-01,57.71,56.5
STORE_B,2026-09-02,56.16,53.28
STORE_B,2026-09-03,51.42,48.42
STORE_B,2026-09-04,50.33,49.07
STORE_B,2026-09-05,56.15,56.13
STORE_B,2026-09-06,60.67,57.93
STORE_B,2026-09-07,62.76,60.36
STORE_B,2026-09-08,62.09,57.29
STORE_B,2026-09-09,54.19,52.86
STORE_B,2026-09-10,47.4,45.26
STORE_B,2026-09-11,53.03,50.87
STORE_B,2026-09-12,61.26,57.27
STORE_B,2026-09-13,63.3,61.96
STORE_B,2026-09-14,71.08,67.62
STORE_B,2026-09-15,66.82,63.78
STORE_B,2026-09-16,50.44,47.99
STORE_B,2026-09-17,44.62,44.15
STORE_B,2026-09-18,53.16,52.1
STORE_B,2026-09-19,54.72,54.68
STORE_B,2026-09-20,67.27,62.11
STORE_B,2026-09-21,68.56,67.73
STORE_B,2026-09-22,60.09,56.81
STORE_B,2026-09-23,54.25,52.75
STORE_B,2026-09-24,47.22,43.45
STORE_C,2026-06-27,52.12,50.34
STORE_C,2026-06-28,55.73,54.97
STORE_C,2026-06-29,64.81,60.49
STORE_C,2026-06-30,60.26,57.26
STORE_C,2026-07-01,45.59,45.02
STORE_C,2026-07-02,46.91,46.7
STORE_C,2026-07-03,39.66,39.52
STORE_C,2026-07-04,54.05,50.1
STORE_C,2026-07-05,64.64,61.24
STORE_C,2026-07-06,63.47,61.87
STORE_C,2026-07-07,52.49,49.4
STORE_C,2026-07-08,45.99,43.04
STORE_C,2026-07-09,39.06,36.13
STORE_C,2026-07-10,43.71,42.1
STORE_C,2026-07-11,49.2,45.33
STORE_C,2026-07-12,65.89,65.71
STORE_C,2026-07-13,63.72,62.84
STORE_C,2026-07-14,54.37,50.87
STORE_C,2026-07-15,48.05,47.78
STORE_C,2026-07-16,39.26,38.61
STORE_C,2026-07-17,44.11,43.73
STORE_C,2026-07-18,50.86,48.3
STORE_C,2026-07-19,61.18,57.3
STORE_C,2026-07-20,63.02,60.0
STORE_C,2026-07-21,60.82,60.74
STORE_C,2026-07-22,46.67,45.29
STORE_C,2026-07-23,40.17,37.8
STORE_C,2026-07-24,48.29,47.74
STORE_C,2026-07-25,50.51,50.48
STORE_C,2026-07-26,64.88,59.79
STORE_C,2026-07-27,68.8,64.06
STORE_C,2026-07-28,63.7,59.0
STORE_C,2026-07-29,46.6,42.98
STORE_C,2026-07-30,49.34,46.2
STORE_C,2026-07-31,51.15,47.44
STORE_C,2026-08-01,58.53,55.22
STORE_C,2026-08-02,67.98,63.75
STORE_C,2026-08-03,63.61,62.85
STORE_C,2026-08-04,59.1,55.89
STORE_C,2026-08-05,48.29,46.28
STORE_C,2026-08-06,47.74,47.12
STORE_C,2026-08-07,52.39,48.32
STORE_C,2026-08-08,52.03,51.38
STORE_C,2026-08-09,60.34,57.19
STORE_C,2026-08-10,65.22,60.83
STORE_C,2026-08-11,59.01,55.01
STORE_C,2026-08-12,48.6,47.38
STORE_C,2026-08-13,42.61,39.69
STORE_C,2026-08-14,44.83,43.19
STORE_C,2026-08-15,60.39,58.06
STORE_C,2026-08-16,67.59,66.31
STORE_C,2026-08-17,67.47,65.49
STORE_C,2026-08-18,62.78,62.05
STORE_C,2026-08-19,52.22,49.64
STORE_C,2026-08-20,52.06,49.45
STORE_C,2026-08-21,51.77,50.53
STORE_C,2026-08-22,61.92,61.89
STORE_C,2026-08-23,62.73,59.55
STORE_C,2026-08-24,62.65,58.95
STORE_C,2026-08-25,57.82,55.54
STORE_C,2026-08-26,51.43,47.32
STORE_C,2026-08-27,44.07,42.97
STORE_C,2026-08-28,45.29,44.4
STORE_C,2026-08-29,62.19,60.78
STORE_C,2026-08-30,69.53,68.69
STORE_C,2026-08-31,63.46,63.17
STORE_C,2026-09-01,62.8,59.73
STORE_C,2026-09-02,51.25,48.14
STORE_C,2026-09-03,50.96,46.94
STORE_C,2026-09-04,51.97,49.68
STORE_C,2026-09-05,55.77,54.23
STORE_C,2026-09-06,62.71,59.26
STORE_C,2026-09-07,65.44,64.41
STORE_C,2026-09-08,63.93,62.69
STORE_C,2026-09-09,59.03,56.92
STORE_C,2026-09-10,51.79,49.63
STORE_C,2026-09-11,54.68,53.39
STORE_C,2026-09-12,60.78,57.41
STORE_C,2026-09-13,69.6,64.42
STORE_C,2026-09-14,72.04,68.32
STORE_C,2026-09-15,60.47,56.94
STORE_C,2026-09-16,54.09,52.51
STORE_C,2026-09-17,55.17,54.82
STORE_C,2026-09-18,47.4,45.09
STORE_C,2026-09-19,62.13,58.66
STORE_C,2026-09-20,72.26,67.1
STORE_C,2026-09-21,71.12,67.91
STORE_C,2026-09-22,67.95,62.53
STORE_C,2026-09-23,55.05,50.65
STORE_C,2026-09-24,50.9,48.69
STORE_D,2026-06-27,44.04,41.38
STORE_D,2026-06-28,52.62,50.13
STORE_D,2026-06-29,55.73,53.02
STORE_D,2026-06-30,43.54,43.05
STORE_D,2026-07-01,36.99,34.23
STORE_D,2026-07-02,30.58,28.15
STORE_D,2026-07-03,35.69,35.45
STORE_D,2026-07-04,43.79,40.41
STORE_D,2026-07-05,52.29,49.56
STORE_D,2026-07-06,56.84,55.68
STORE_D,2026-07-07,43.47,41.76
STORE_D,2026-07-08,41.19,38.88
STORE_D,2026-07-09,35.96,34.23
STORE_D,2026-07-10,40.12,37.92
STORE_D,2026-07-11,41.02,40.34
STORE_D,2026-07-12,52.97,51.92
STORE_D,2026-07-13,52.56,51.98
STORE_D,2026-07-14,52.56,51.33
STORE_D,2026-07-15,42.28,41.58
STORE_D,2026-07-16,32.93,31.53
STORE_D,2026-07-17,32.29,29.98
STORE_D,2026-07-18,46.8,45.03
STORE_D,2026-07-19,54.16,52.67
STORE_D,2026-07-20,54.15,53.54
STORE_D,2026-07-21,46.75,44.04
STORE_D,2026-07-22,39.45,39.03
STORE_D,2026-07-23,33.63,31.81
STORE_D,2026-07-24,37.55,36.53
STORE_D,2026-07-25,47.5,45.46
STORE_D,2026-07-26,56.92,52.44
STORE_D,2026-07-27,55.16,50.81
STORE_D,2026-07-28,48.18,46.42
STORE_D,2026-07-29,37.68,34.97
STORE_D,2026-07-30,30.79,28.45
STORE_D,2026-07-31,37.82,35.87
STORE_D,2026-08-01,44.56,41.88
STORE_D,2026-08-02,50.55,46.81
STORE_D,2026-08-03,59.94,55.27
STORE_D,2026-08-04,45.55,42.35
STORE_D,2026-08-05,46.32,43.47
STORE_D,2026-08-06,31.3,30.85
STORE_D,2026-08-07,38.47,36.02
STORE_D,2026-08-08,41.39,38.7
STORE_D,2026-08-09,51.54,49.09
STORE_D,2026-08-10,60.18,56.65
STORE_D,2026-08-11,53.51,52.59
STORE_D,2026-08-12,43.18,41.0
STORE_D,2026-08-13,40.35,38.57
STORE_D,2026-08-14,40.92,39.59
STORE_D,2026-08-15,44.9,42.91
STORE_D,2026-08-16,55.59,55.46
STORE_D,2026-08-17,59.62,55.27
STORE_D,2026-08-18,52.44,50.7
STORE_D,2026-08-19,38.64,37.09
STORE_D,2026-08-20,38.66,36.24
STORE_D,2026-08-21,35.04,34.71
STORE_D,2026-08-22,45.76,43.64
STORE_D,2026-08-23,52.06,51.31
STORE_D,2026-08-24,52.75,49.49
STORE_D,2026-08-25,54.13,52.89
STORE_D,2026-08-26,44.13,41.18
STORE_D,2026-08-27,42.99,41.2
STORE_D,2026-08-28,36.65,35.5
STORE_D,2026-08-29,50.91,50.19
STORE_D,2026-08-30,52.19,48.41
STORE_D,2026-08-31,63.11,59.69
STORE_D,2026-09-01,55.31,52.39
STORE_D,2026-09-02,45.37,45.33
STORE_D,2026-09-03,43.76,43.51
STORE_D,2026-09-04,43.25,41.43
STORE_D,2026-09-05,46.5,45.04
STORE_D,2026-09-06,56.03,54.13
STORE_D,2026-09-07,55.13,54.92
STORE_D,2026-09-08,51.03,50.75
STORE_D,2026-09-09,42.77,40.54
STORE_D,2026-09-10,37.99,37.04
STORE_D,2026-09-11,44.08,41.25
STORE_D,2026-09-12,51.65,50.95
STORE_D,2026-09-13,54.93,50.83
STORE_D,2026-09-14,58.42,56.09
STORE_D,2026-09-15,50.34,46.4
STORE_D,2026-09-16,48.38,45.87
STORE_D,2026-09-17,37.27,35.59
STORE_D,2026-09-18,39.63,38.44
STORE_D,2026-09-19,54.07,50.17
STORE_D,2026-09-20,54.93,53.32
STORE_D,2026-09-21,57.53,54.01
STORE_D,2026-09-22,55.15,52.79
STORE_D,2026-09-23,45.19,44.29
STORE_D,2026-09-24,46.15,42.81
STORE_E,2026-06-27,33.37,33.02
STORE_E,2026-06-28,43.88,43.25
STORE_E,2026-06-29,45.82,43.72
STORE_E,2026-06-30,43.51,43.39
STORE_E,2026-07-01,35.9,34.39
STORE_E,2026-07-02,32.82,30.81
STORE_E,2026-07-03,31.82,29.9
STORE_E,2026-07-04,37.83,37.43
STORE_E,2026-07-05,42.65,41.85
STORE_E,2026-07-06,49.69,46.51
STORE_E,2026-07-07,46.63,46.07
STORE_E,2026-07-08,37.06,36.91
STORE_E,2026-07-09,26.08,25.89
STORE_E,2026-07-10,30.76,29.73
STORE_E,2026-07-11,38.95,36.08
STORE_E,2026-07-12,45.31,42.78
STORE_E,2026-07-13,51.41,48.47
STORE_E,2026-07-14,43.6,40.48
STORE_E,2026-07-15,39.57,38.73
STORE_E,2026-07-16,34.24,32.62
STORE_E,2026-07-17,30.07,28.48
STORE_E,2026-07-18,36.31,33.88
STORE_E,2026-07-19,46.95,43.98
STORE_E,2026-07-20,48.39,46.22
STORE_E,2026-07-21,47.46,46.91
STORE_E,2026-07-22,38.79,38.29
STORE_E,2026-07-23,33.24,31.71
STORE_E,2026-07-24,32.57,31.73
STORE_E,2026-07-25,36.17,34.53
STORE_E,2026-07-26,46.14,44.85
STORE_E,2026-07-27,54.55,50.81
STORE_E,2026-07-28,49.06,46.22
STORE_E,2026-07-29,34.25,33.73
STORE_E,2026-07-30,36.25,34.69
STORE_E,2026-07-31,31.79,31.78
STORE_E,2026-08-01,44.15,42.82
STORE_E,2026-08-02,46.21,43.21
STORE_E,2026-08-03,46.68,45.74
STORE_E,2026-08-04,48.43,46.83
STORE_E,2026-08-05,34.3,32.49
STORE_E,2026-08-06,31.4,30.3
STORE_E,2026-08-07,36.14,35.33
STORE_E,2026-08-08,44.31,42.96
STORE_E,2026-08-09,51.54,50.31
STORE_E,2026-08-10,52.24,51.54
STORE_E,2026-08-11,49.44,45.7
STORE_E,2026-08-12,41.38,40.68
STORE_E,2026-08-13,32.24,30.22
STORE_E,2026-08-14,33.6,32.58
STORE_E,2026-08-15,40.12,37.68
STORE_E,2026-08-16,53.44,53.23
STORE_E,2026-08-17,48.9,46.18
STORE_E,2026-08-18,43.69,43.28
STORE_E,2026-08-19,38.24,36.64
STORE_E,2026-08-20,35.58,34.71
STORE_E,2026-08-21,34.31,33.09
STORE_E,2026-08-22,43.07,41.25
STORE_E,2026-08-23,50.51,48.7
STORE_E,2026-08-24,51.38,47.66
STORE_E,2026-08-25,50.91,49.19
STORE_E,2026-08-26,44.22,42.26
STORE_E,2026-08-27,37.5,35.18
STORE_E,2026-08-28,36.15,35.33
STORE_E,2026-08-29,48.27,45.73
STORE_E,2026-08-30,54.55,51.93
STORE_E,2026-08-31,57.21,55.77
STORE_E,2026-09-01,50.11,48.0
STORE_E,2026-09-02,35.58,34.62
STORE_E,2026-09-03,37.92,36.23
STORE_E,2026-09-04,41.71,41.4
STORE_E,2026-09-05,47.3,45.3
STORE_E,2026-09-06,57.38,53.84
STORE_E,2026-09-07,56.25,51.9
STORE_E,2026-09-08,44.82,41.31
STORE_E,2026-09-09,38.58,38.3
STORE_E,2026-09-10,33.65,31.4
STORE_E,2026-09-11,35.63,35.52
STORE_E,2026-09-12,48.52,45.34
STORE_E,2026-09-13,56.19,54.02
STORE_E,2026-09-14,53.53,52.85
STORE_E,2026-09-15,48.97,48.38
STORE_E,2026-09-16,36.82,36.22
STORE_E,2026-09-17,35.5,35.41
STORE_E,2026-09-18,36.37,35.18
STORE_E,2026-09-19,41.55,41.05
STORE_E,2026-09-20,55.45,51.39
STORE_E,2026-09-21,59.52,59.16
STORE_E,2026-09-22,50.23,50.01
STORE_E,2026-09-23,45.31,43.64
STORE_E,2026-09-24,33.73,31.12
STORE_F,2026-06-27,51.92,49.18
STORE_F,2026-06-28,65.05,62.25
STORE_F,2026-06-29,67.76,64.35
STORE_F,2026-06-30,58.18,54.89
STORE_F,2026-07-01,56.57,52.58
STORE_F,2026-07-02,48.66,47.3
STORE_F,2026-07-03,44.63,43.51
STORE_F,2026-07-04,53.43,52.49
STORE_F,2026-07-05,63.43,60.62
STORE_F,2026-07-06,62.12,60.16
STORE_F,2026-07-07,61.28,59.2
STORE_F,2026-07-08,52.82,51.19
STORE_F,2026-07-09,48.5,45.41
STORE_F,2026-07-10,45.83,42.83
STORE_F,2026-07-11,59.72,56.13
STORE_F,2026-07-12,63.76,63.51
STORE_F,2026-07-13,66.21,61.27
STORE_F,2026-07-14,65.62,64.0
STORE_F,2026-07-15,50.26,50.09
STORE_F,2026-07-16,50.54,49.59
STORE_F,2026-07-17,46.31,44.08
STORE_F,2026-07-18,56.35,54.0
STORE_F,2026-07-19,63.54,59.93
STORE_F,2026-07-20,67.81,66.14
STORE_F,2026-07-21,61.77,60.84
STORE_F,2026-07-22,57.53,56.75
STORE_F,2026-07-23,46.15,42.61
STORE_F,2026-07-24,48.89,45.47
STORE_F,2026-07-25,58.07,56.08
STORE_F,2026-07-26,71.54,69.59
STORE_F,2026-07-27,68.07,66.86
STORE_F,2026-07-28,67.67,66.96
STORE_F,2026-07-29,54.9,52.54
STORE_F,2026-07-30,48.99,47.19
STORE_F,2026-07-31,56.49,55.01
STORE_F,2026-08-01,54.87,52.89
STORE_F,2026-08-02,64.8,60.23
STORE_F,2026-08-03,68.34,66.85
STORE_F,2026-08-04,60.96,56.52
STORE_F,2026-08-05,53.57,51.47
STORE_F,2026-08-06,49.97,49.71
STORE_F,2026-08-07,47.98,46.8
STORE_F,2026-08-08,58.49,55.12
STORE_F,2026-08-09,70.27,68.76
STORE_F,2026-08-10,68.46,67.47
STORE_F,2026-08-11,69.52,66.69
STORE_F,2026-08-12,55.15,54.97
STORE_F,2026-08-13,50.94,49.88
STORE_F,2026-08-14,49.14,46.1
STORE_F,2026-08-15,56.81,54.06
STORE_F,2026-08-16,66.04,63.45
STORE_F,2026-08-17,73.73,71.81
STORE_F,2026-08-18,63.77,60.11
STORE_F,2026-08-19,55.3,51.43
STORE_F,2026-08-20,49.86,49.5
STORE_F,2026-08-21,51.19,50.53
STORE_F,2026-08-22,56.95,54.42
STORE_F,2026-08-23,66.33,63.84
STORE_F,2026-08-24,71.45,68.91
STORE_F,2026-08-25,63.75,59.42
STORE_F,2026-08-26,62.28,58.05
STORE_F,2026-08-27,55.47,55.43
STORE_F,2026-08-28,50.38,49.44
STORE_F,2026-08-29,66.34,63.03
STORE_F,2026-08-30,70.71,69.99
STORE_F,2026-08-31,70.45,69.45
STORE_F,2026-09-01,69.9,67.08
STORE_F,2026-09-02,62.41,58.99
STORE_F,2026-09-03,57.91,55.61
STORE_F,2026-09-04,55.08,53.66
STORE_F,2026-09-05,65.13,64.88
STORE_F,2026-09-06,71.04,66.27
STORE_F,2026-09-07,76.67,71.19
STORE_F,2026-09-08,67.14,63.57
STORE_F,2026-09-09,61.77,57.16
STORE_F,2026-09-10,49.2,48.67
STORE_F,2026-09-11,60.78,57.99
STORE_F,2026-09-12,60.67,55.98
STORE_F,2026-09-13,72.2,70.38
STORE_F,2026-09-14,77.0,70.99
STORE_F,2026-09-15,66.84,65.56
STORE_F,2026-09-16,60.74,59.73
STORE_F,2026-09-17,52.28,49.33
STORE_F,2026-09-18,58.58,54.92
STORE_F,2026-09-19,69.01,64.51
STORE_F,2026-09-20,72.74,68.75
STORE_F,2026-09-21,69.35,66.2
STORE_F,2026-09-22,73.73,68.13
STORE_F,2026-09-23,61.35,57.78
STORE_F,2026-09-24,52.62,49.61
STORE_G,2026-06-27,51.65,51.17
STORE_G,2026-06-28,61.66,59.89
STORE_G,2026-06-29,57.85,57.68
STORE_G,2026-06-30,52.94,51.22
STORE_G,2026-07-01,41.66,39.41
STORE_G,2026-07-02,39.65,37.18
STORE_G,2026-07-03,45.35,41.77
STORE_G,2026-07-04,54.79,51.77
STORE_G,2026-07-05,55.89,55.79
STORE_G,2026-07-06,57.71,55.19
STORE_G,2026-07-07,59.04,55.5
STORE_G,2026-07-08,43.61,43.58
STORE_G,2026-07-09,41.78,39.53
STORE_G,2026-07-10,42.7,40.68
STORE_G,2026-07-11,48.17,45.84
STORE_G,2026-07-12,60.0,58.89
STORE_G,2026-07-13,58.63,54.95
STORE_G,2026-07-14,51.61,47.58
STORE_G,2026-07-15,51.9,51.8
STORE_G,2026-07-16,44.96,44.48
STORE_G,2026-07-17,47.18,45.02
STORE_G,2026-07-18,54.8,52.12
STORE_G,2026-07-19,61.3,57.85
STORE_G,2026-07-20,59.73,59.38
STORE_G,2026-07-21,52.41,48.65
STORE_G,2026-07-22,48.14,46.29
STORE_G,2026-07-23,43.34,41.82
STORE_G,2026-07-24,48.96,48.23
STORE_G,2026-07-25,51.7,51.66
STORE_G,2026-07-26,64.16,59.14
STORE_G,2026-07-27,67.2,62.92
STORE_G,2026-07-28,59.41,56.26
STORE_G,2026-07-29,48.09,47.63
STORE_G,2026-07-30,44.09,41.43
STORE_G,2026-07-31,42.33,39.81
STORE_G,2026-08-01,52.57,48.51
STORE_G,2026-08-02,62.67,59.28
STORE_G,2026-08-03,66.27,61.98
STORE_G,2026-08-04,63.15,59.11
STORE_G,2026-08-05,52.89,51.42
STORE_G,2026-08-06,41.23,38.81
STORE_G,2026-08-07,48.43,48.42
STORE_G,2026-08-08,51.99,50.55
STORE_G,2026-08-09,67.36,66.43
STORE_G,2026-08-10,65.8,60.92
STORE_G,2026-08-11,55.26,51.44
STORE_G,2026-08-12,53.01,50.8
STORE_G,2026-08-13,41.43,39.47
STORE_G,2026-08-14,47.61,45.91
STORE_G,2026-08-15,56.49,54.15
STORE_G,2026-08-16,60.91,56.99
STORE_G,2026-08-17,62.57,62.44
STORE_G,2026-08-18,60.7,59.35
STORE_G,2026-08-19,50.46,50.02
STORE_G,2026-08-20,43.55,41.25
STORE_G,2026-08-21,44.09,42.13
STORE_G,2026-08-22,54.87,53.67
STORE_G,2026-08-23,62.97,58.35
STORE_G,2026-08-24,62.63,60.84
STORE_G,2026-08-25,57.55,57.3
STORE_G,2026-08-26,53.29,50.53
STORE_G,2026-08-27,43.51,42.69
STORE_G,2026-08-28,43.98,41.48
STORE_G,2026-08-29,54.49,50.17
STORE_G,2026-08-30,60.09,59.94
STORE_G,2026-08-31,65.13,64.74
STORE_G,2026-09-01,59.57,59.17
STORE_G,2026-09-02,50.4,47.42
STORE_G,2026-09-03,47.51,47.4
STORE_G,2026-09-04,51.99,48.28
STORE_G,2026-09-05,56.43,53.26
STORE_G,2026-09-06,61.93,57.43
STORE_G,2026-09-07,63.67,60.23
STORE_G,2026-09-08,63.6,62.66
STORE_G,2026-09-09,52.94,51.11
STORE_G,2026-09-10,50.24,47.54
STORE_G,2026-09-11,53.48,49.76
STORE_G,2026-09-12,58.85,57.81
STORE_G,2026-09-13,63.85,59.55
STORE_G,2026-09-14,67.67,64.95
STORE_G,2026-09-15,62.0,60.54
STORE_G,2026-09-16,49.97,47.48
STORE_G,2026-09-17,52.01,49.01
STORE_G,2026-09-18,48.48,48.16
STORE_G,2026-09-19,61.85,59.58
STORE_G,2026-09-20,69.06,67.88
STORE_G,2026-09-21,68.2,63.48
STORE_G,2026-09-22,59.77,57.12
STORE_G,2026-09-23,55.47,52.93
STORE_G,2026-09-24,50.62,46.98
STORE_H,2026-06-27,49.32,47.86
STORE_H,2026-06-28,55.57,53.92
STORE_H,2026-06-29,59.47,56.53
STORE_H,2026-06-30,58.73,55.09
STORE_H,2026-07-01,47.74,44.6
STORE_H,2026-07-02,37.51,34.86
STORE_H,2026-07-03,46.34,44.65
STORE_H,2026-07-04,49.94,46.85
STORE_H,2026-07-05,55.15,52.42
STORE_H,2026-07-06,61.77,60.88
STORE_H,2026-07-07,56.76,54.98
STORE_H,2026-07-08,50.92,47.03
STORE_H,2026-07-09,43.86,40.64
STORE_H,2026-07-10,43.85,43.76
STORE_H,2026-07-11,55.38,54.48
STORE_H,2026-07-12,58.44,56.38
STORE_H,2026-07-13,64.12,60.62
STORE_H,2026-07-14,54.89,50.7
STORE_H,2026-07-15,46.93,46.35
STORE_H,2026-07-16,37.81,35.83
STORE_H,2026-07-17,43.18,41.38
STORE_H,2026-07-18,54.24,50.98
STORE_H,2026-07-19,58.56,54.21
STORE_H,2026-07-20,60.69,56.29
STORE_H,2026-07-21,59.19,57.38
STORE_H,2026-07-22,52.77,48.83
STORE_H,2026-07-23,38.66,37.63
STORE_H,2026-07-24,40.53,37.79
STORE_H,2026-07-25,55.7,51.39
STORE_H,2026-07-26,56.43,53.25
STORE_H,2026-07-27,66.12,63.53
STORE_H,2026-07-28,59.63,58.06
STORE_H,2026-07-29,52.12,50.93
STORE_H,2026-07-30,47.69,47.12
STORE_H,2026-07-31,47.52,46.39
STORE_H,2026-08-01,58.69,54.38
STORE_H,2026-08-02,60.71,56.57
STORE_H,2026-08-03,59.81,58.98
STORE_H,2026-08-04,53.97,52.65
STORE_H,2026-08-05,54.59,52.07
STORE_H,2026-08-06,43.1,39.81
STORE_H,2026-08-07,48.86,47.43
STORE_H,2026-08-08,56.17,52.18
STORE_H,2026-08-09,62.07,61.06
STORE_H,2026-08-10,67.61,66.01
STORE_H,2026-08-11,63.59,62.03
STORE_H,2026-08-12,45.83,43.28
STORE_H,2026-08-13,41.0,38.73
STORE_H,2026-08-14,45.28,43.61
STORE_H,2026-08-15,58.37,57.97
STORE_H,2026-08-16,67.31,67.13
STORE_H,2026-08-17,67.99,62.66
STORE_H,2026-08-18,56.41,53.93
STORE_H,2026-08-19,54.0,51.24
STORE_H,2026-08-20,48.19,45.66
STORE_H,2026-08-21,45.1,42.53
STORE_H,2026-08-22,59.88,57.16
STORE_H,2026-08-23,59.84,59.48
STORE_H,2026-08-24,62.6,60.97
STORE_H,2026-08-25,62.13,61.48
STORE_H,2026-08-26,53.33,52.99
STORE_H,2026-08-27,46.11,44.48
STORE_H,2026-08-28,50.15,47.96
STORE_H,2026-08-29,58.31,55.99
STORE_H,2026-08-30,68.91,63.43
STORE_H,2026-08-31,63.52,60.67
STORE_H,2026-09-01,63.07,58.52
STORE_H,2026-09-02,57.44,56.92
STORE_H,2026-09-03,44.09,43.42
STORE_H,2026-09-04,48.02,45.55
STORE_H,2026-09-05,54.18,52.57
STORE_H,2026-09-06,66.71,65.19
STORE_H,2026-09-07,66.06,61.15
STORE_H,2026-09-08,63.26,61.61
STORE_H,2026-09-09,54.56,50.38
STORE_H,2026-09-10,45.4,45.02
STORE_H,2026-09-11,46.41,44.75
STORE_H,2026-09-12,58.16,57.06
STORE_H,2026-09-13,66.61,61.88
STORE_H,2026-09-14,63.14,59.55
STORE_H,2026-09-15,64.33,62.46
STORE_H,2026-09-16,53.02,51.38
STORE_H,2026-09-17,45.71,43.38
STORE_H,2026-09-18,55.61,55.31
STORE_H,2026-09-19,54.13,51.41
STORE_H,2026-09-20,66.66,65.9
STORE_H,2026-09-21,69.0,68.66
STORE_H,2026-09-22,61.52,59.43
STORE_H,2026-09-23,50.08,46.25
STORE_H,2026-09-24,48.04,46.72
